CATEGORIE;SOUS-CATEGORIE;SOUS-CATEGORIE 2;ARTICLE;DESIGNATION;HAUTEUR;LARGEUR;PRIX_UNITAIRE_HT;DEVIS;FOURNISSEUR;CHANTIER;FICHE_TECHNIQUE;FICHIER_PDF
Menuiserie interieurs;PORTES COUPE-FEU / TECHNIQUES;Porte Battante EI30/EI60;1704339;PORTE ESSENTIAL BATTANTE EI60 FIL DE CLOISON - Chassis aluminium brut - Porte coupe feu 1H EI60;2100;800;1789.17;D197902;Dispano;AUGUSTA PARIS;Fiches_techniques\Portes et chassis\EI60\blocofeu_f61s-t01-grande-largeur_fp.pdf.pdf;Devis_fournisseur\Dispano\M3248000120388.PDF
Menuiserie interieurs;PORTES COUPE-FEU / TECHNIQUES;Porte Battante EI30/EI60;1704339;PORTE ESSENTIAL BATTANTE EI60 FIL DE CLOISON - Chassis aluminium brut - Porte coupe feu 1H EI60;2100;700;1789.17;D197902;Dispano;AUGUSTA PARIS;Fiches_techniques\Portes et chassis\EI60\blocofeu_f61s-t01-grande-largeur_fp.pdf.pdf;Devis_fournisseur\Dispano\M3248000120388.PDF
Menuiserie interieurs;PORTES COUPE-FEU / TECHNIQUES;Porte Battante EI30/EI60;1704339;PORTE ESSENTIAL BATTANTE 50 A FIL DE CLOISON - Chassis aluminium brut - finition prepeint;2100;600;702.49;D197902;Dispano;AUGUSTA PARIS;Fiches_techniques\Portes et chassis\EI30\blocofeu_f31s-t02_fp.pdf;Devis_fournisseur\Dispano\M3248000120388.PDF
Menuiserie interieurs;PORTES COUPE-FEU / TECHNIQUES;Porte Battante EI30/EI60;1704339;PORTE ESSENTIAL BATTANTE 50 A FIL DE CLOISON - Chassis aluminium brut - finition prepeint;2100;800;702.49;D197902;Dispano;AUGUSTA PARIS;Fiches_techniques\Portes et chassis\EI30\blocofeu_f31s-t02_fp.pdf;Devis_fournisseur\Dispano\M3248000120388.PDF
Menuiserie interieurs;PORTES COUPE-FEU / TECHNIQUES;Bloc Porte EI30;1701603;BLOC PORTE EI30 - Huisserie resineux massif a peindre 98X58 - porte cadre bois dur 4 ples de 130;2040;930;297.04;D202017;Dispano;ECOLE DE THAL MARMOUTIER;Fiches_techniques\Portes et chassis\EI30\blocofeu_f31s-t02_fp.pdf;Devis_fournisseur\Dispano\M3248000133334.PDF
Menuiserie interieurs;PORTES COUPE-FEU / TECHNIQUES;Bloc Porte EI30;1701603;BLOC PORTE EI30 - Huisserie bois dur a peindre 68X58 - porte cadre bois dur 4 ples de 130;2240;930;193.54;D200708;Dispano;POLE SCOLAIRE BALDERSHEIM;Fiches_techniques\Portes et chassis\EI30\blocofeu_f31s-t02_fp.pdf;Devis_fournisseur\Dispano\M3248000129023.PDF
Menuiserie interieurs;PORTES COUPE-FEU / TECHNIQUES;Bloc Porte EI30;1701603;BLOC PORTE EI30 - Huisserie bois dur a peindre 68X58 - porte cadre bois dur 4 ples de 130;2240;930;193.54;D200708;Dispano;POLE SCOLAIRE BALDERSHEIM;Fiches_techniques\Portes et chassis\EI30\blocofeu_f31s-t02_fp.pdf;Devis_fournisseur\Dispano\M3248000129023.PDF
Menuiserie interieurs;PORTES COUPE-FEU / TECHNIQUES;Bloc Porte EI30;1701603;BLOC PORTE EI30 - Huisserie bois dur a peindre 68X58 - porte cadre bois dur 4 ples de 130;2240;930;193.54;D200708;Dispano;POLE SCOLAIRE BALDERSHEIM;Fiches_techniques\Portes et chassis\EI30\blocofeu_f31s-t02_fp.pdf;Devis_fournisseur\Dispano\M3248000129023.PDF
Menuiserie interieurs;PORTES COUPE-FEU / TECHNIQUES;Bloc Porte Double Action EI30;1701603;BLOC PORTE DAS DOUBLE ACTION EI30 - Huisserie bois dur a peindre 118X58 - 2 VTX joint anti pince doigts;2240;1760;1652.62;D200708;Dispano;POLE SCOLAIRE BALDERSHEIM;Fiches_techniques\Portes et chassis\DAS\blocdas_d32wpt01_fp.pdf;Devis_fournisseur\Dispano\M3248000129023.PDF
Menuiserie interieurs;PORTES COUPE-FEU / TECHNIQUES;Bloc Porte Double Action EI30;1701603;BLOC PORTE DOUBLE ACTION EI30 - Huisserie bois dur a peindre 118X58 - Pivot linteau GRL100 - Stratifie CHENE QUEBEC;2040;1460;1729.12;D201667;Dispano;PARIS 8;Fiches_techniques\Portes et chassis\EI30\blocofeu_f32s-t01_fp.pdf.pdf;Devis_fournisseur\Dispano\M3248000131972.PDF
Menuiserie interieurs;PORTES COUPE-FEU / TECHNIQUES;Chassis Fixe Vitre EI30;1701603;CHASSIS FIXE VITRE EI30 - Huisserie bois dur a peindre 98X58 - vitrage pyrobel 16 EI30 RA=38dB;2310;760;1108.72;D200708;Dispano;POLE SCOLAIRE BALDERSHEIM;Fiches_techniques\Portes et chassis\Châssis\cloisoglass_38-v30f-t01_fp.pdf;Devis_fournisseur\Dispano\M3248000129023.PDF
Menuiserie interieurs;PORTES COUPE-FEU / TECHNIQUES;Chassis Fixe Vitre EI30;1701603;CHASSIS FIXE VITRE EI30 - Huisserie bois dur a peindre 98X58 - vitrage pyrobel 16 EI30 RA=38dB;2310;1830;2433.48;D200708;Dispano;POLE SCOLAIRE BALDERSHEIM;Fiches_techniques\Portes et chassis\Châssis\cloisoglass_38-v30f-t01_fp.pdf;Devis_fournisseur\Dispano\M3248000129023.PDF
Menuiserie interieurs;PORTES COUPE-FEU / TECHNIQUES;Chassis Fixe Vitre EI30;1701603;CHASSIS FIXE VITRE EI30 - Huisserie bois dur a peindre 98X58 - vitrage pyrobel 16 EI30 RA=38dB;2310;540;845.19;D200708;Dispano;POLE SCOLAIRE BALDERSHEIM;Fiches_techniques\Portes et chassis\Châssis\cloisoglass_38-v30f-t01_fp.pdf;Devis_fournisseur\Dispano\M3248000129023.PDF
Menuiserie interieurs;PORTES COUPE-FEU / TECHNIQUES;Chassis Fixe Vitre EI30;1701603;CHASSIS FIXE VITRE EI30 - Huisserie bois dur a peindre 98X58 - vitrage pyrobel 16 EI30 RA=38dB;2310;1120;1561.46;D200708;Dispano;POLE SCOLAIRE BALDERSHEIM;Fiches_techniques\Portes et chassis\Châssis\cloisoglass_38-v30f-t01_fp.pdf;Devis_fournisseur\Dispano\M3248000129023.PDF
Menuiserie interieurs;PORTES COUPE-FEU / TECHNIQUES;Chassis Fixe Vitre EI30;1701603;CHASSIS FIXE VITRE EI30 - Huisserie bois dur a peindre 98X58 - vitrage pyrobel 16 EI30 RA=38dB;2310;1270;1741.15;D200708;Dispano;POLE SCOLAIRE BALDERSHEIM;Fiches_techniques\Portes et chassis\Châssis\cloisoglass_38-v30f-t01_fp.pdf;Devis_fournisseur\Dispano\M3248000129023.PDF
Menuiserie interieurs;PORTES COUPE-FEU / TECHNIQUES;Chassis Fixe Vitre EI30;1701603;CHASSIS FIXE VITRE EI30 - Huisserie bois dur a peindre 98X58 - vitrage pyrobel 16 EI30 RA=38dB;2310;1415;1914.83;D200708;Dispano;POLE SCOLAIRE BALDERSHEIM;Fiches_techniques\Portes et chassis\Châssis\cloisoglass_38-v30f-t01_fp.pdf;Devis_fournisseur\Dispano\M3248000129023.PDF
Menuiserie interieurs;PORTES COUPE-FEU / TECHNIQUES;Chassis Fixe Vitre EI30;1701603;CHASSIS FIXE VITRE EI30 - Huisserie bois dur a peindre 98X58 - vitrage pyrobel 16 EI30 RA=38dB;2310;1070;1501.57;D200708;Dispano;POLE SCOLAIRE BALDERSHEIM;Fiches_techniques\Portes et chassis\Châssis\cloisoglass_38-v30f-t01_fp.pdf;Devis_fournisseur\Dispano\M3248000129023.PDF
Menuiserie interieurs;PORTES COUPE-FEU / TECHNIQUES;Chassis Fixe Vitre EI30;1701603;CHASSIS FIXE VITRE EI30 - Huisserie bois dur a peindre 98X58 - vitrage pyrobel 16 EI30 RA=38dB;2310;1115;1597.40;D200708;Dispano;POLE SCOLAIRE BALDERSHEIM;Fiches_techniques\Portes et chassis\Châssis\cloisoglass_38-v30f-t01_fp.pdf;Devis_fournisseur\Dispano\M3248000129023.PDF
Menuiserie interieurs;PORTES COUPE-FEU / TECHNIQUES;Chassis Fixe Vitre EI60;3170616;CHASSIS FIXE VITRE EI60 - Huisserie HETRE LCA 118X58 avec rainure a brique 4 cotes - vitrage pyrobel 25 EI60;2300;971;2289.87;D203016;Dispano;CLOISON VITRE EI60;Fiches_techniques\Portes et chassis\EI60\blocofeu_f61w-t01_fp.pdf.pdf;Devis_fournisseur\Dispano\M3248000132339.PDF
Menuiserie interieurs;PORTES COUPE-FEU / TECHNIQUES;Chassis Fixe Vitre EI60;3170616;CHASSIS FIXE VITRE EI60 - Huisserie HETRE LCA 118X58 avec rainure a brique 4 cotes - vitrage pyrobel 25 EI60;2300;980;2308.32;D203016;Dispano;CLOISON VITRE EI60;Fiches_techniques\Portes et chassis\EI60\blocofeu_f61w-t01_fp.pdf.pdf;Devis_fournisseur\Dispano\M3248000132339.PDF
Menuiserie interieurs;PORTES COUPE-FEU / TECHNIQUES;Bloc Porte Largement Vitre EI60;3170616;BLOC PORTE LARGEMENT VITRE EI60 - Huisserie bois dur a peindre 118X58 - Vitrage pyrobel 25 EI60;2254;930;2162.77;D203016;Dispano;CLOISON VITRE EI60;Fiches_techniques\Portes et chassis\EI60\blocofeu_f61w-t01_fp.pdf.pdf;Devis_fournisseur\Dispano\M3248000132339.PDF
Menuiserie interieurs;PORTES ACOUSTIQUES;Porte Acoustique RA=29-35dB;1701603;BLOC PORTE ACOUSTIQUE RA=29DB EI30 - Huisserie bois dur a peindre 68X58 - joint balai;2240;930;205.52;D200708;Dispano;POLE SCOLAIRE BALDERSHEIM;Fiches_techniques\Portes et chassis\Acoustique\phonibloc_29-a31s-t01_fp.pdf;Devis_fournisseur\Dispano\M3248000129023.PDF
Menuiserie interieurs;PORTES ACOUSTIQUES;Porte Acoustique RA=29-35dB;4075675;PORTE ACOUSTIQUE RA=35DB EI30 - cadre bois exotique 4 ples INOX de 130 - 2 faces placage OBERFLEX PRESTIGE FRENE;2140;930;902.70;D202017;Dispano;ECOLE DE THAL MARMOUTIER;Fiches_techniques\Portes et chassis\Acoustique\phonibloc_33-a32s-t01_fp.pdf;Devis_fournisseur\Dispano\M3248000133334.PDF
Menuiserie interieurs;PORTES ACOUSTIQUES;Porte Acoustique RA=29-35dB;4075675;PORTE ACOUSTIQUE RA=35DB EI30 - cadre bois exotique 4 ples INOX de 130 - 2 faces placage OBERFLEX T729;2140;930;992.34;D202017;Dispano;ECOLE DE THAL MARMOUTIER;Fiches_techniques\Portes et chassis\Acoustique\phonibloc_33-a32s-t01_fp.pdf;Devis_fournisseur\Dispano\M3248000134159.PDF
Menuiserie interieurs;PORTES ACOUSTIQUES;Porte Acoustique RA=36-40dB;1353425;BLOC PORTE VITRE EI30 ACOUSTIQUE RA=36db - Huisserie bois dur a peindre 80X58 - vitrage pyrobel 16;2240;930;1519.92;D200780;Dispano;BALDERSHEIM BP VITRE;Fiches_techniques\Portes et chassis\Acoustique\phonibloc_40ba31s-t05_fp.pdf;Devis_fournisseur\Dispano\M3248000129275.PDF
Menuiserie interieurs;PORTES ACOUSTIQUES;Porte Acoustique RA=40-44dB;4075675;PORTE ACOUSTIQUE RW=44DB EI30 RA=42dB - cadre bois exotique 4 ples INOX de 130 - joint balai;2140;930;1079.14;D202017;Dispano;ECOLE DE THAL MARMOUTIER;Fiches_techniques\Portes et chassis\Acoustique\phonibloc_40ba31s-t05_fp.pdf;Devis_fournisseur\Dispano\M3248000133334.PDF
Menuiserie interieurs;PORTES ACOUSTIQUES;Porte Acoustique RA=40-44dB;4075675;PORTE ACOUSTIQUE RW=44DB EI30 RA=42dB - cadre bois exotique 4 ples INOX de 130 - joint balai;2140;830;1064.33;D202017;Dispano;ECOLE DE THAL MARMOUTIER;Fiches_techniques\Portes et chassis\Acoustique\phonibloc_40ba31s-t05_fp.pdf;Devis_fournisseur\Dispano\M3248000133334.PDF
Menuiserie interieurs;PORTES ACOUSTIQUES;Porte Acoustique RA=40-44dB;3170616;PORTE ACOUSTIQUE RW=40DB EI30 - cadre bois dur 4 ples de 130 - PLACAGE 2 FACES FRENE BRUT a vernir;2140;930;549.70;D202017;Dispano;ECOLE DE THAL MARMOUTIER;Fiches_techniques\Portes et chassis\Acoustique\phonibloc_40ba31s-t05_fp.pdf;Devis_fournisseur\Dispano\M3248000133365.PDF
Menuiserie interieurs;PORTES ACOUSTIQUES;Porte Acoustique RA=40-44dB;3170616;PORTE ACOUSTIQUE RW=42DB EI30 - cadre bois dur 4 ples de 130 - PLACAGE 2 FACES FRENE BRUT a vernir;2140;930;560.82;D202017;Dispano;ECOLE DE THAL MARMOUTIER;Fiches_techniques\Portes et chassis\Acoustique\phonibloc_40ba31s-t05_fp.pdf;Devis_fournisseur\Dispano\M3248000133365.PDF
Menuiserie interieurs;PORTES ACOUSTIQUES;Porte Acoustique RA=40-44dB;3170616;PORTE ACOUSTIQUE RW=42DB EI30 - cadre bois dur 4 ples de 130 - PLACAGE 2 FACES FRENE BRUT a vernir;2140;830;543.47;D202017;Dispano;ECOLE DE THAL MARMOUTIER;Fiches_techniques\Portes et chassis\Acoustique\phonibloc_40ba31s-t05_fp.pdf;Devis_fournisseur\Dispano\M3248000133365.PDF
Menuiserie interieurs;PORTES ACOUSTIQUES;Bloc Porte Maternelle Acoustique;3170616;BLOC PORTE MATERNELLE ACOUSTIQUE RW=38db EI30 - Huisserie bois dur a peindre 118X54 - 2 oculus;2040;830;952.73;D198447;Dispano;CRECHE DE BEAUNE;Fiches_techniques\Portes et chassis\Porte maternelles\maternelle_31-m31s-t01_fp.pdf;Devis_fournisseur\Dispano\M3248000121691.PDF
Menuiserie interieurs;PORTES ACOUSTIQUES;Bloc Porte Maternelle Acoustique;3170616;BLOC PORTE MATERNELLE ACOUSTIQUE RW=38db EI30 - Huisserie bois dur a peindre 88X54;2040;830;512.67;D198447;Dispano;CRECHE DE BEAUNE;Fiches_techniques\Portes et chassis\Porte maternelles\maternelle_31-m31s-t01_fp.pdf;Devis_fournisseur\Dispano\M3248000121691.PDF
Menuiserie interieurs;PORTES ACOUSTIQUES;Bloc Porte Maternelle Acoustique;1701603;BLOC PORTE MATERNELLE ACOUSTIQUE RA=31dB EI30 - Huisserie bois dur a peindre 68X58 - joint balai;2240;930;459.08;D200708;Dispano;POLE SCOLAIRE BALDERSHEIM;Fiches_techniques\Portes et chassis\Porte maternelles\maternelle_31-m31s-t01_fp.pdf;Devis_fournisseur\Dispano\M3248000129023.PDF
Menuiserie interieurs;PORTES ACOUSTIQUES;Bloc Porte Maternelle Acoustique;1701603;BLOC PORTE ACOUSTIQUE RA=33DB EI30 - Huisserie bois dur a peindre 68X58 - 2 VTX feuillure de battement;2240;1860;447.31;D200708;Dispano;POLE SCOLAIRE BALDERSHEIM;Fiches_techniques\Portes et chassis\Acoustique\phonibloc_33-a32s-t01_fp.pdf;Devis_fournisseur\Dispano\M3248000129023.PDF
Menuiserie interieurs;PORTES ACOUSTIQUES;Bloc Porte Maternelle Acoustique;1701603;BLOC PORTE ACOUSTIQUE RA=40DB EI30 - Huisserie bois dur a peindre 68X58 - joint balai;2240;930;344.27;D200708;Dispano;POLE SCOLAIRE BALDERSHEIM;Fiches_techniques\Portes et chassis\Acoustique\phonibloc_40ba31s-t05_fp.pdf;Devis_fournisseur\Dispano\M3248000129023.PDF
Menuiserie interieurs;PORTES VITREES;Bloc Porte Vitre EI30;1353425;BLOC PORTE VITRE EI30 - Huisserie bois dur a peindre 80X58 - vitrage pyrobel 16 toute hauteur;2240;930;1415.61;D200780;Dispano;BALDERSHEIM BP VITRE;Fiches_techniques\Portes et chassis\EI30\Vitree-JW-donnees-techniques-Feu-EI30-Acoustique-35-dB-largement-vitre-2-vantaux_1.pdf;Devis_fournisseur\Dispano\M3248000129275.PDF
Menuiserie interieurs;PORTES VITREES;Bloc Porte Vitre EI30;1353425;BLOC PORTE VITRE EI30 - Huisserie bois dur a peindre 80X58 - vitrage pyrobel 16 - 2 VTX feuillure battement;2240;1860;2710.35;D200780;Dispano;BALDERSHEIM BP VITRE;Fiches_techniques\Portes et chassis\EI30\Vitree-JW-donnees-techniques-Feu-EI30-Acoustique-35-dB-largement-vitre-2-vantaux_1.pdf;Devis_fournisseur\Dispano\M3248000129275.PDF
Menuiserie interieurs;PORTES VITREES;Bloc Porte Vitre EI30;1353425;BLOC PORTE VITRE EI30 - Huisserie bois dur a peindre 80X58 - vitrage pyrobel 16 - 2 VTX feuillure battement;2240;1460;2341.73;D200780;Dispano;BALDERSHEIM BP VITRE;Fiches_techniques\Portes et chassis\EI30\Vitree-JW-donnees-techniques-Feu-EI30-Acoustique-35-dB-largement-vitre-2-vantaux_1.pdf;Devis_fournisseur\Dispano\M3248000129275.PDF
Menuiserie interieurs;PORTES VITREES;Bloc Porte Vitre EI30 Acoustique;1353425;BLOC PORTE VITRE EI30 ACOUSTIQUE RA=35dB - Huisserie bois dur a peindre 80X58 - vitrage pyrobel 16;2240;1460;2444.22;D200780;Dispano;BALDERSHEIM BP VITRE;Fiches_techniques\Portes et chassis\EI30\Vitree-JW-donnees-techniques-Feu-EI30-Acoustique-35-dB-largement-vitre-2-vantaux_1.pdf;Devis_fournisseur\Dispano\M3248000129275.PDF
Menuiserie interieurs;PORTES VITREES;Bloc Porte Vitre DAS EI30;1353425;BLOC PORTE VITRE DAS SIMPLE ACTION EI30 - Huisserie bois dur a peindre 80X58 - Asservissement GEZE TS WOODF3;2240;1460;2467.33;D200780;Dispano;BALDERSHEIM BP VITRE;Fiches_techniques\Portes et chassis\DAS\blocdas_d32wpt01_fp.pdf;Devis_fournisseur\Dispano\M3248000129275.PDF
Menuiserie interieurs;PORTES VITREES;Chassis Fixe Vitre;3433808;CHASSIS FIXE VITRE - Huisserie FRENE MASSIF A VERNIR sans rainure a brique 100X58 - Vitrage STADIP 44.2;1750;900;463.66;D202017;Dispano;ECOLE DE THAL MARMOUTIER;Fiches_techniques\Portes et chassis\Châssis\cloisoglass_38-v30f-t01_fp.pdf;Devis_fournisseur\Dispano\M3248000133334.PDF
Menuiserie interieurs;PORTES PLEINES / STANDARD;Bloc Porte Ame Pleine;1701603;BLOC PORTE AME PLEINE - Huisserie resineux massif 68x58 avec joint iso - porte cadre resineux 3 ples de 130;2040;630;137.36;D197902;Dispano;AUGUSTA PARIS;Fiches_techniques\Portes et chassis\FT bloc-porte pleine.pdf;Devis_fournisseur\Dispano\M3248000120388.PDF
Menuiserie interieurs;PORTES PLEINES / STANDARD;Bloc Porte Ame Pleine;1701603;BLOC PORTE AME PLEINE - Huisserie resineux massif 68x58 avec joint iso - porte cadre resineux 3 ples de 130;2040;830;140.50;D197902;Dispano;AUGUSTA PARIS;Fiches_techniques\Portes et chassis\FT bloc-porte pleine.pdf;Devis_fournisseur\Dispano\M3248000120388.PDF
Menuiserie interieurs;PORTES PLEINES / STANDARD;Bloc Porte Ame Pleine;3170616;BLOC PORTE AME PLEINE - Huisserie bois dur a peindre 118X54 - porte cadre resineux 3 ples de 130;2040;830;210.78;D198447;Dispano;CRECHE DE BEAUNE;Fiches_techniques\Portes et chassis\FT bloc-porte pleine.pdf;Devis_fournisseur\Dispano\M3248000121691.PDF
Menuiserie interieurs;PORTES PLEINES / STANDARD;Bloc Porte Ame Pleine;3170616;BLOC PORTE AME PLEINE - Huisserie bois dur a peindre 88X54 - porte cadre resineux 3 ples de 130;2040;830;168.71;D198447;Dispano;CRECHE DE BEAUNE;Fiches_techniques\Portes et chassis\FT bloc-porte pleine.pdf;Devis_fournisseur\Dispano\M3248000121691.PDF
Menuiserie interieurs;PORTES PLEINES / STANDARD;Bloc Porte Ame Pleine Non Feu;3170616;BLOC PORTE AME PLEINE NON FEU - Huisserie bois dur a peindre 66X54 - placage 2 faces CHENE A VERNIR;2040;930;304.36;D198215;Dispano;CABINET D'AVOCAT PARIS;Fiches_techniques\Portes et chassis\Bloc porte plane prépein.pdf;Devis_fournisseur\Dispano\M3248000121110.PDF
Menuiserie interieurs;PORTES PLEINES / STANDARD;Bloc Porte Ame Pleine Non Feu;3170616;BLOC PORTE AME PLEINE NON FEU - Huisserie bois dur a peindre 66X54 - placage 2 faces CHENE A VERNIR;2040;1030;373.10;D198215;Dispano;CABINET D'AVOCAT PARIS;Fiches_techniques\Portes et chassis\Bloc porte plane prépein.pdf;Devis_fournisseur\Dispano\M3248000121110.PDF
Menuiserie interieurs;PORTES PLEINES / STANDARD;Bloc Porte Ame Pleine;1701603;BLOC PORTE AME PLEINE - Huisserie resineux massif a peindre 98X58 - porte cadre bois dur 4 ples de 130 - Stratifie;2040;930;249.51;D202017;Dispano;ECOLE DE THAL MARMOUTIER;Fiches_techniques\Portes et chassis\FT bloc-porte pleine.pdf;Devis_fournisseur\Dispano\M3248000133334.PDF
Menuiserie interieurs;PORTES PLEINES / STANDARD;Bloc Porte Ame Pleine;3170616;PORTE AME PLEINE - cadre bois dur 4 ples de 130 - PLACAGE 2 FACES FRENE BRUT a vernir;2140;930;283.29;D202017;Dispano;ECOLE DE THAL MARMOUTIER;Fiches_techniques\Portes et chassis\FT bloc-porte pleine.pdf;Devis_fournisseur\Dispano\M3248000133365.PDF
Menuiserie interieurs;PORTES PLEINES / STANDARD;Porte Ame Pleine;4075675;PORTE AME PLEINE - cadre bois exotique 4 ples INOX de 130 - 2 faces placage OBERFLEX PRESTIGE FRENE;2140;930;769.47;D202017;Dispano;ECOLE DE THAL MARMOUTIER;Fiches_techniques\Portes et chassis\FT bloc-porte pleine.pdf;Devis_fournisseur\Dispano\M3248000133334.PDF
Menuiserie interieurs;PORTES PLEINES / STANDARD;Porte Retaillable;6301641;Porte ame pleine prepeinteinte retaillable 221x83x40mm - Blanc;2210;830;144.95;D202520;Dispano;PORTE RETAILLABLE CHAUVAT;Fiches_techniques\Portes et chassis\FT RECOUPABLE.pdf;Devis_fournisseur\Dispano\M3248000134719.PDF
Menuiserie interieurs;PORTES PLEINES / STANDARD;Porte Retaillable;6301642;Porte plane ame pleine rives droites prepeinte retaillable 221x103 ep. 40mm - Blanc;2210;1030;153.09;D202520;Dispano;PORTE RETAILLABLE CHAUVAT;Fiches_techniques\Portes et chassis\FT RECOUPABLE.pdf;Devis_fournisseur\Dispano\M3248000134719.PDF
Menuiserie interieurs;PORTES COULISSANTES;Porte Ame Pleine Coulissante;1701603;PORTE AME PLEINE COULISSANTE - cadre bois dur rainure basse - mortaise pour serrure a crochet - stratifie 2 faces;2100;930;199.11;D202017;Dispano;ECOLE DE THAL MARMOUTIER;Fiches_techniques\Portes et chassis\Coulissant\SAF 80\SAF-10-80_noticetech_w_01_fr.pdf;Devis_fournisseur\Dispano\M3248000133334.PDF
Menuiserie interieurs;PORTES MATERNELLE / CRECHE;Bloc Porte Maternelle EI30;3425089;BLOC PORTE MATERNELLE EI30 - Huisserie bois dur a peindre 68X58 - porte 2 FACES FIBRE PREPEINT - 4 ples de 130;2040;930;729.11;D201551;Dispano;CHENILLE ET PAPILLONS;Fiches_techniques\Portes et chassis\Porte maternelles\maternelle_31-m31s-t01_fpDeya EI30.pdf;
Menuiserie interieurs;PORTES MATERNELLE / CRECHE;Bloc Porte Maternelle EI30;3425089;BLOC PORTE MATERNELLE EI30 - Huisserie bois dur a peindre 68X58 - joint anti pince doigts - TROU de bequille a 1290mm;2040;830;648.11;D204221;Dispano;-;Fiches_techniques\Portes et chassis\Porte maternelles\maternelle_31-m31s-t01_fpDeya EI30.pdf;Devis_fournisseur\Dispano\M3248000136276.PDF
Menuiserie interieurs;PORTES MATERNELLE / CRECHE;Bloc Porte Maternelle EI30;3425089;BLOC PORTE MATERNELLE EI30 - Huisserie bois dur a peindre 68X58 - joint anti pince doigts - TROU de bequille a 1290mm;2040;930;648.11;D204221;Dispano;-;Fiches_techniques\Portes et chassis\Porte maternelles\maternelle_31-m31s-t01_fpDeya EI30.pdf;Devis_fournisseur\Dispano\M3248000136276.PDF
Menuiserie interieurs;PORTES MATERNELLE / CRECHE;Bloc Porte EI30;3425089;BLOC PORTE EI30 - Huisserie bois dur a peindre 68X58 - TROU de bequille a 1290mm;2040;830;339.91;D204221;Dispano;-;Fiches_techniques\Portes et chassis\EI30\blocofeu_f31s-t02_fp.pdf;Devis_fournisseur\Dispano\M3248000136276.PDF
Menuiserie interieurs;PORTES MATERNELLE / CRECHE;Porte Ecole Maternelle EI30;1701603;PORTE ECOLE MATERNELLE EI30 FERREE - cadre bois dur 4 ples de 130 - Stratifie blanc cumulus F2255 MAT - 1 oculus rond D.400mm;2165;930;832.12;D168008;Dispano;PAUL MEURICE;Fiches_techniques\Portes et chassis\Porte maternelles\maternelle_m01s-t02_fp Deya.pdf;Devis_fournisseur\Dispano\M5228000139625.PDF
Menuiserie interieurs;HUISSERIES;Huisserie Frene Massif;3433808;HUISSERIE FRENE MASSIF A VERNIR 100X58 avec joint isophnonique sans rainure a brique - ferrage universel 4 ples INOX;2140;930;397.46;D202017;Dispano;ECOLE DE THAL MARMOUTIER;Fiches_techniques\Portes et chassis\Chambranle et contrechambranle\G2.1_-_1.3_Optima_30.pdf;Devis_fournisseur\Dispano\M3248000133334.PDF
Menuiserie interieurs;HUISSERIES;Huisserie Frene Massif;3433808;HUISSERIE FRENE MASSIF A VERNIR 100X58 avec joint isophnonique sans rainure a brique - ferrage universel 4 ples INOX;2140;830;385.04;D202017;Dispano;ECOLE DE THAL MARMOUTIER;Fiches_techniques\Portes et chassis\Chambranle et contrechambranle\G2.1_-_1.3_Optima_30.pdf;Devis_fournisseur\Dispano\M3248000133334.PDF
Quincailleries;Menuiserie interieurs;Ferme-porte;1730592;Ferme-porte Groom GR400 Force 3 EN avec bras glissiere anti-vandalisme gris argent;;;60.43;D197902;Dispano;AUGUSTA PARIS;Fiches_techniques\Portes et chassis\Ferme porte\ferme-porte-ts-wood-1623_doc_technique.pdf.pdf;Devis_fournisseur\Dispano\M3248000120388.PDF
Menuiserie interieurs;PORTES PLEINES / STANDARD;Porte Ame Pleine;4075675;PORTE AME PLEINE - cadre bois exotique 4 ples INOX de 130 - 2 faces placage OBERFLEX T729;2140;930;902.59;D202017;Dispano;ECOLE DE THAL MARMOUTIER;Fiches_techniques\Portes et chassis\FT bloc-porte pleine.pdf;Devis_fournisseur\Dispano\M3248000135396.PDF
Menuiserie interieurs;PORTES ACOUSTIQUES;Porte Acoustique RA=40-44dB;4075675;PORTE ACOUSTIQUE RW=44DB EI30 RA=42dB - cadre bois exotique 4 ples INOX de 130 - 2 faces placage OBERFLEX T729 - joint balai;2140;930;1214.77;D202017;Dispano;ECOLE DE THAL MARMOUTIER;Fiches_techniques\Portes et chassis\Acoustique\phonibloc_40ba31s-t05_fp.pdf;Devis_fournisseur\Dispano\M3248000135396.PDF
Menuiserie interieurs;PORTES ACOUSTIQUES;Porte Acoustique RA=40-44dB;4075675;PORTE ACOUSTIQUE RW=44DB EI30 RA=42dB - cadre bois exotique 4 ples INOX de 130 - 2 faces placage OBERFLEX T729 - joint balai;2140;930;1214.77;D202017;Dispano;ECOLE DE THAL MARMOUTIER;Fiches_techniques\Portes et chassis\Acoustique\phonibloc_40ba31s-t05_fp.pdf;Devis_fournisseur\Dispano\M3248000135396.PDF
Menuiserie interieurs;PORTES ACOUSTIQUES;Porte Acoustique RA=40-44dB;4075675;PORTE ACOUSTIQUE RW=44DB EI30 RA=42dB - cadre bois exotique 4 ples INOX de 130 - 2 faces placage OBERFLEX T729 - joint balai;2140;830;1199.91;D202017;Dispano;ECOLE DE THAL MARMOUTIER;Fiches_techniques\Portes et chassis\Acoustique\phonibloc_40ba31s-t05_fp.pdf;Devis_fournisseur\Dispano\M3248000135396.PDF
Menuiserie interieurs;PORTES ACOUSTIQUES;Porte Acoustique RA=29-35dB;4075675;PORTE ACOUSTIQUE RA=35DB EI30 - cadre bois exotique 4 ples INOX de 130 - 2 faces placage OBERFLEX BRUT 8/10e;2140;930;751.17;D202017;Dispano;ECOLE DE THAL MARMOUTIER;Fiches_techniques\Portes et chassis\Acoustique\phonibloc_33-a32s-t01_fp.pdf;Devis_fournisseur\Dispano\M3248000134134.PDF
Menuiserie interieurs;PORTES PLEINES / STANDARD;Porte Ame Pleine;4075675;PORTE AME PLEINE - cadre bois exotique 4 ples INOX de 130 - 2 faces placage OBERFLEX BRUT 8/10e;2140;930;669.55;D202017;Dispano;ECOLE DE THAL MARMOUTIER;Fiches_techniques\Portes et chassis\FT bloc-porte pleine.pdf;Devis_fournisseur\Dispano\M3248000134134.PDF
Menuiserie interieurs;PORTES ACOUSTIQUES;Porte Acoustique RA=40-44dB;4075675;PORTE ACOUSTIQUE RW=44DB EI30 RA=42dB - cadre bois exotique 4 ples INOX de 130 - 2 faces placage OBERFLEX BRUT 8/10e - joint balai;2140;930;984.44;D202017;Dispano;ECOLE DE THAL MARMOUTIER;Fiches_techniques\Portes et chassis\Acoustique\phonibloc_40ba31s-t05_fp.pdf;Devis_fournisseur\Dispano\M3248000134134.PDF
Menuiserie interieurs;PORTES ACOUSTIQUES;Porte Acoustique RA=40-44dB;4075675;PORTE ACOUSTIQUE RW=44DB EI30 RA=42dB - cadre bois exotique 4 ples INOX de 130 - 2 faces placage OBERFLEX BRUT 8/10e - joint balai;2140;830;968.88;D202017;Dispano;ECOLE DE THAL MARMOUTIER;Fiches_techniques\Portes et chassis\Acoustique\phonibloc_40ba31s-t05_fp.pdf;Devis_fournisseur\Dispano\M3248000134134.PDF
Menuiserie interieurs;PORTES VITREES;Pupitre Bois Pour Vitrage;3170616;PUPITRE BOIS POUR VITRAGE - Huisserie HETRE LCA 118X58 avec rainure a brique 4 cotes;2300;;472.32;D203016;Dispano;CLOISON VITRE EI60;Fiches_techniques\Portes et chassis\EI60\blocofeu_f61w-t01_fp.pdf.pdf;Devis_fournisseur\Dispano\M3248000132339.PDF
